{
   "packages": [
      {
         "maintainer": "ESP8266 Community",
         "help": {
            "online": "http://esp8266.com/arduino"
         },
         "websiteURL": "https://github.com/esp8266/Arduino",
         "platforms": [
            {
               "category": "ESP8266",
               "name": "esp8266",
               "url": "",
               "version": "",
               "architecture": "esp8266",
               "archiveFileName": "",
               "boards": [
                  {
                     "name": "Generic ESP8266 Module"
                  },
                  {
                     "name": "Generic ESP8285 Module"
                  },
                  {
                     "name": "ESPDuino (ESP-13 Module)"
                  },
                  {
                     "name": "Adafruit Feather HUZZAH ESP8266"
                  },
                  {
                     "name": "Invent One"
                  },
                  {
                     "name": "XinaBox CW01"
                  },
                  {
                     "name": "ESPresso Lite 1.0"
                  },
                  {
                     "name": "ESPresso Lite 2.0"
                  },
                  {
                     "name": "Phoenix 1.0"
                  },
                  {
                     "name": "Phoenix 2.0"
                  },
                  {
                     "name": "NodeMCU 0.9 (ESP-12 Module)"
                  },
                  {
                     "name": "NodeMCU 1.0 (ESP-12E Module)"
                  },
                  {
                     "name": "Olimex MOD-WIFI-ESP8266(-DEV)"
                  },
                  {
                     "name": "SparkFun ESP8266 Thing"
                  },
                  {
                     "name": "SparkFun ESP8266 Thing Dev"
                  },
                  {
                     "name": "SweetPea ESP-210"
                  },
                  {
                     "name": "LOLIN(WEMOS) D1 R2 & mini"
                  },
                  {
                     "name": "LOLIN(WEMOS) D1 mini Pro"
                  },
                  {
                     "name": "LOLIN(WEMOS) D1 mini Lite"
                  },
                  {
                     "name": "WeMos D1 R1"
                  },
                  {
                     "name": "ESPino (ESP-12 Module)"
                  },
                  {
                     "name": "ThaiEasyElec's ESPino"
                  },
                  {
                     "name": "WifInfo"
                  },
                  {
                     "name": "Arduino"
                  },
                  {
                     "name": "4D Systems gen4 IoD Range"
                  },
                  {
                     "name": "Digistump Oak"
                  },
                  {
                     "name": "WiFiduino"
                  },
                  {
                     "name": "Amperka WiFi Slot"
                  },
                  {
                     "name": "Seeed Wio Link"
                  },
                  {
                     "name": "ESPectro Core"
                  }
               ],
               "toolsDependencies": [
                  {
                     "packager": "esp8266",
                     "version": "2.5.0-2-59d892c8",
                     "name": "esptool"
                  },
                  {
                     "packager": "esp8266",
                     "version": "2.5.0-2-59d892c8",
                     "name": "xtensa-lx106-elf-gcc"
                  },
                  {
                     "packager": "esp8266",
                     "version": "2.5.0-2-59d892c8",
                     "name": "mkspiffs"
                  }
               ],
               "help": {
                  "online": ""
               }
            }
         ],
         "tools": [
            {
               "version": "2.5.0-2-59d892c8",
               "name": "esptool",
               "systems": [
                  {
                     "host": "aarch64-linux-gnu",
                     "url": "https://github.com/earlephilhower/esp-quick-toolchain/releases/download/2.5.0-2/aarch64-linux-gnu-esptool-f80ae31.tar.gz",
                     "archiveFileName": "aarch64-linux-gnu-esptool-f80ae31.tar.gz",
                     "checksum": "SHA-256:ad283d6048fbcd691966c1a50af8668127b94750c874743973ca5b0ec73bd901",
                     "size": "14897"
                  },
                  {
                     "host": "arm-linux-gnueabihf",
                     "url": "https://github.com/earlephilhower/esp-quick-toolchain/releases/download/2.5.0-2/arm-linux-gnueabihf-esptool-f80ae31.tar.gz",
                     "archiveFileName": "arm-linux-gnueabihf-esptool-f80ae31.tar.gz",
                     "checksum": "SHA-256:d6b1e8f622e9971f9b384a949c656bbdd61357d01fac06e28958ee3dae2a0c44",
                     "size": "14154"
                  },
                  {
                     "host": "i686-mingw32",
                     "url": "https://github.com/earlephilhower/esp-quick-toolchain/releases/download/2.5.0-2/i686-w64-mingw32-esptool-f80ae31.zip",
                     "archiveFileName": "i686-w64-mingw32-esptool-f80ae31.zip",
                     "checksum": "SHA-256:50505b7399ade238af717e106d81a0288237edf5d3757944077db21906697f18",
                     "size": "16825"
                  },
                  {
                     "host": "x86_64-apple-darwin",
                     "url": "https://github.com/earlephilhower/esp-quick-toolchain/releases/download/2.5.0-2/x86_64-apple-darwin14-esptool-f80ae31.tar.gz",
                     "archiveFileName": "x86_64-apple-darwin14-esptool-f80ae31.tar.gz",
                     "checksum": "SHA-256:13797f744a239f21349f7ed931f003fe602af07192f1a3bd47e4d2b23f877e31",
                     "size": "15291"
                  },
                  {
                     "host": "x86_64-pc-linux-gnu",
                     "url": "https://github.com/earlephilhower/esp-quick-toolchain/releases/download/2.5.0-2/x86_64-linux-gnu-esptool-f80ae31.tar.gz",
                     "archiveFileName": "x86_64-linux-gnu-esptool-f80ae31.tar.gz",
                     "checksum": "SHA-256:f5b8226275201f628200ea6bc63fcd3bc7d5650ab620d5693c9b22cf2e80e6d5",
                     "size": "16733"
                  },
                  {
                     "host": "x86_64-mingw32",
                     "url": "https://github.com/earlephilhower/esp-quick-toolchain/releases/download/2.5.0-2/x86_64-w64-mingw32-esptool-f80ae31.zip",
                     "archiveFileName": "x86_64-w64-mingw32-esptool-f80ae31.zip",
                     "checksum": "SHA-256:4b9494b18ad70a1751ed70b15a909ae1e4720a6e5306986d020aaf0adfdac246",
                     "size": "20083"
                  }
               ]
            },
            {
               "version": "2.5.0-2-59d892c8",
               "name": "xtensa-lx106-elf-gcc",
               "systems": [
                  {
                     "host": "aarch64-linux-gnu",
                     "url": "https://github.com/earlephilhower/esp-quick-toolchain/releases/download/2.5.0-2/aarch64-linux-gnu.xtensa-lx106-elf-59d892c8.tar.gz",
                     "archiveFileName": "aarch64-linux-gnu.xtensa-lx106-elf-59d892c8.tar.gz",
                     "checksum": "SHA-256:9280f0b9eb90599465aebe4c922c42dd3673b3922a25d7c3eb93f7e59b11e5bb",
                     "size": "40559372"
                  },
                  {
                     "host": "arm-linux-gnueabihf",
                     "url": "https://github.com/earlephilhower/esp-quick-toolchain/releases/download/2.5.0-2/arm-linux-gnueabihf.xtensa-lx106-elf-59d892c8.tar.gz",
                     "archiveFileName": "arm-linux-gnueabihf.xtensa-lx106-elf-59d892c8.tar.gz",
                     "checksum": "SHA-256:bb895d65609a7b81d34b6325612be4dc02c306270c2f58004e6a44b121ff6f07",
                     "size": "36479776"
                  },
                  {
                     "host": "i686-mingw32",
                     "url": "https://github.com/earlephilhower/esp-quick-toolchain/releases/download/2.5.0-2/i686-w64-mingw32.xtensa-lx106-elf-59d892c8.zip",
                     "archiveFileName": "i686-w64-mingw32.xtensa-lx106-elf-59d892c8.zip",
                     "checksum": "SHA-256:92f6b77b1c08b3fe5b19cea6d7b5bbc483e495a1deaa57d4e78408cd3b840490",
                     "size": "71639049"
                  },
                  {
                     "host": "x86_64-apple-darwin",
                     "url": "https://github.com/earlephilhower/esp-quick-toolchain/releases/download/2.5.0-2/x86_64-apple-darwin14.xtensa-lx106-elf-59d892c8.tar.gz",
                     "archiveFileName": "x86_64-apple-darwin14.xtensa-lx106-elf-59d892c8.tar.gz",
                     "checksum": "SHA-256:984e4f0dfd03cee57c8091e029c4242bc70d8c437f3285e6da6001598d259380",
                     "size": "44251448"
                  },
                  {
                     "host": "x86_64-pc-linux-gnu",
                     "url": "https://github.com/earlephilhower/esp-quick-toolchain/releases/download/2.5.0-2/x86_64-linux-gnu.xtensa-lx106-elf-59d892c8.tar.gz",
                     "archiveFileName": "x86_64-linux-gnu.xtensa-lx106-elf-59d892c8.tar.gz",
                     "checksum": "SHA-256:cd3f1d67cc14ea5e2389126090041d081cd28257b8fb4cd97fb1ab0f8c0ea369",
                     "size": "43226595"
                  },
                  {
                     "host": "x86_64-mingw32",
                     "url": "https://github.com/earlephilhower/esp-quick-toolchain/releases/download/2.5.0-2/x86_64-w64-mingw32.xtensa-lx106-elf-59d892c8.zip",
                     "archiveFileName": "x86_64-w64-mingw32.xtensa-lx106-elf-59d892c8.zip",
                     "checksum": "SHA-256:f0d737781adba1d99bdf4f0d13cb2515eb706d657c06eb985296fbf986fc4f02",
                     "size": "75922562"
                  }
               ]
            },
            {
               "version": "2.5.0-2-59d892c8",
               "name": "mkspiffs",
               "systems": [
                  {
                     "host": "aarch64-linux-gnu",
                     "url": "https://github.com/earlephilhower/esp-quick-toolchain/releases/download/2.5.0-2/aarch64-linux-gnu-mkspiffs-7fefeac.tar.gz",
                     "archiveFileName": "aarch64-linux-gnu-mkspiffs-7fefeac.tar.gz",
                     "checksum": "SHA-256:75cb633aa517874d86bdadb2303b27d99d7bac96f63bd3b9d41c5e9706fa4ce1",
                     "size": "52195"
                  },
                  {
                     "host": "arm-linux-gnueabihf",
                     "url": "https://github.com/earlephilhower/esp-quick-toolchain/releases/download/2.5.0-2/arm-linux-gnueabihf-mkspiffs-7fefeac.tar.gz",
                     "archiveFileName": "arm-linux-gnueabihf-mkspiffs-7fefeac.tar.gz",
                     "checksum": "SHA-256:0b41eb7c684d36f69f62a6106b79088815ea51c2a5bf05ce8a1537feb38d8633",
                     "size": "45178"
                  },
                  {
                     "host": "i686-mingw32",
                     "url": "https://github.com/earlephilhower/esp-quick-toolchain/releases/download/2.5.0-2/i686-w64-mingw32-mkspiffs-7fefeac.zip",
                     "archiveFileName": "i686-w64-mingw32-mkspiffs-7fefeac.zip",
                     "checksum": "SHA-256:5948986955116dfadcaf55f053c7d1280bc3e5b46dcaaa7a3110e42703d68b93",
                     "size": "339004"
                  },
                  {
                     "host": "x86_64-apple-darwin",
                     "url": "https://github.com/earlephilhower/esp-quick-toolchain/releases/download/2.5.0-2/x86_64-apple-darwin14-mkspiffs-7fefeac.tar.gz",
                     "archiveFileName": "x86_64-apple-darwin14-mkspiffs-7fefeac.tar.gz",
                     "checksum": "SHA-256:0b8c91789a861dc28d7f43393418b29b5afd9db7edc65bf07c5b68dce9f2ad7e",
                     "size": "369685"
                  },
                  {
                     "host": "x86_64-pc-linux-gnu",
                     "url": "https://github.com/earlephilhower/esp-quick-toolchain/releases/download/2.5.0-2/x86_64-linux-gnu-mkspiffs-7fefeac.tar.gz",
                     "archiveFileName": "x86_64-linux-gnu-mkspiffs-7fefeac.tar.gz",
                     "checksum": "SHA-256:3077946047cb540d734c51ddcc1b2f83164018e4b9c6de34562749f247f36d7c",
                     "size": "53504"
                  },
                  {
                     "host": "x86_64-mingw32",
                     "url": "https://github.com/earlephilhower/esp-quick-toolchain/releases/download/2.5.0-2/x86_64-w64-mingw32-mkspiffs-7fefeac.zip",
                     "archiveFileName": "x86_64-w64-mingw32-mkspiffs-7fefeac.zip",
                     "checksum": "SHA-256:75c767efe58b2738eae03c558d5c1de7b49cf3a169f8e4b54752b809cd13b40c",
                     "size": "351165"
                  }
               ]
            }
         ],
         "email": "ivan@esp8266.com",
         "name": "esp8266"
      }
   ]
}